arquivo,aula,pacote,formato_entrega,status
produto/principal/00_checklist_prerequisitos.md,0,principal,pdf,pronto
produto/principal/01_tabela_equivalencia_ferramentas.md,1,principal,pdf,pronto
produto/principal/02_roteiro_entrevista_reversa.md,2,principal,pdf,pronto
produto/principal/03_bloco_diretriz_comentado.md,3,principal,pdf,pronto
produto/principal/04_prompt_template_reverso.md,4,principal,pdf,pronto
produto/principal/07_checklist_auditoria.md,7,principal,pdf,pronto
produto/principal/repositorio_modelo/LEIA-ME.md,2,principal,md,pronto
produto/principal/repositorio_modelo/00_DIRETRIZ.md,3,principal,md,pronto
produto/principal/repositorio_modelo/01_CALENDARIO.md,2,principal,md,pronto
produto/principal/repositorio_modelo/02_EMENTA.md,2,principal,md,pronto
produto/principal/repositorio_modelo/03_TURMAS.md,2,principal,md,pronto
produto/principal/repositorio_modelo/04_TEMPLATE.md,4,principal,md,pronto
produto/principal/repositorio_modelo/05_ATA_DO_PROJETO.md,8,principal,md,pronto
produto/principal/formatos/esquema_planejamento_tabela.md,4,principal,fonte-interna,pronto
produto/principal/formatos/esquema_planilha_por_aula.yaml,4,principal,fonte-interna,pronto
produto/principal/formatos/planejamento_markdown_colavel.md,4,principal,pdf,pronto
produto/principal/formatos/modelo_planejamento.docx,4,principal,docx,gerado
produto/principal/formatos/modelo_planilha.xlsx,4,principal,xlsx,gerado
produto/principal/exemplos/01_planejamento_anual_fisica_1EM.md,5,principal,pdf,pronto
produto/principal/exemplos/02_planos_de_aula_1bim_fisica.md,6,principal,pdf,pronto
produto/principal/exemplos/03_exemplo_reduzido_historia_8ano.md,5,principal,pdf,pronto
produto/bump/LEIA-ME.md,-,bump,pdf,pronto
produto/bump/diretrizes/01_bloom_revisada.md,-,bump,pdf,pronto
produto/bump/diretrizes/02_bncc_por_habilidades.md,-,bump,pdf,pronto
produto/bump/diretrizes/03_curriculo_estadual_municipal.md,-,bump,pdf,pronto
produto/bump/diretrizes/04_metodologias_ativas.md,-,bump,pdf,pronto
produto/bump/diretrizes/05_ensino_tecnico_ifs.md,-,bump,pdf,pronto
produto/bump/diretrizes/06_escola_confessional.md,-,bump,pdf,pronto
produto/bump/diretrizes/07_pedagogia_propria.md,-,bump,pdf,pronto
produto/bump/diretrizes/08_enem_vestibular.md,-,bump,pdf,pronto
produto/bump/ajustes_por_area/01_exatas.md,-,bump,pdf,pronto
produto/bump/ajustes_por_area/02_ciencias_da_natureza.md,-,bump,pdf,pronto
produto/bump/ajustes_por_area/03_linguagens.md,-,bump,pdf,pronto
produto/bump/ajustes_por_area/04_humanas.md,-,bump,pdf,pronto
produto/bump/variacoes_template/01_tabela_por_unidade.md,-,bump,pdf,pronto
produto/bump/variacoes_template/02_tabela_por_aula.md,-,bump,pdf,pronto
produto/bump/variacoes_template/03_planilha_por_aula.md,-,bump,pdf,pronto
produto/bump/variacoes_template/04_formulario_de_sistema.md,-,bump,pdf,pronto
produto/bump/exemplos_disciplinas/historia_8ano/planejamento_anual.md,-,bump,pdf,pronto
produto/bump/exemplos_disciplinas/historia_8ano/planos_de_aula_1bim.md,-,bump,pdf,pronto
produto/bump/exemplos_disciplinas/lingua_portuguesa_1EM/planejamento_anual.md,-,bump,pdf,pronto
produto/bump/exemplos_disciplinas/lingua_portuguesa_1EM/planos_de_aula_1bim.md,-,bump,pdf,pronto
